Modelo,Topologia,Uso,Tiempo
DRL,EliBackbone,1.0772,6.1264
DRL+LS,EliBackbone,0.7425,13.7041
DRL,EliBackbone,1.0464,6.1811
DRL+LS,EliBackbone,0.7965,12.0685
DRL,EliBackbone,1.0675,6.1244
DRL+LS,EliBackbone,0.7784,12.7139
DRL,EliBackbone,1.1133,6.069
DRL+LS,EliBackbone,0.8062,12.5234
DRL,EliBackbone,1.0683,6.2064
DRL+LS,EliBackbone,0.7781,12.7379
DRL,EliBackbone,1.1572,6.0594
DRL+LS,EliBackbone,0.9178,22.4501
DRL,EliBackbone,1.0523,6.0534
DRL+LS,EliBackbone,0.8952,8.2369
DRL,EliBackbone,1.0462,6.0834
DRL+LS,EliBackbone,0.8516,9.7642
DRL,EliBackbone,1.0448,6.0344
DRL+LS,EliBackbone,0.6624,19.0893
DRL,EliBackbone,1.0337,6.0539
DRL+LS,EliBackbone,0.8764,8.5225
DRL,EliBackbone,1.0602,6.0654
DRL+LS,EliBackbone,0.7145,15.5285
DRL,EliBackbone,1.0296,6.0731
DRL+LS,EliBackbone,0.8488,9.6379
DRL,EliBackbone,1.0934,5.9436
DRL+LS,EliBackbone,0.8001,11.9419
DRL,EliBackbone,1.0575,5.9533
DRL+LS,EliBackbone,0.7824,11.4546
DRL,EliBackbone,1.0965,5.9507
DRL+LS,EliBackbone,0.8116,10.3987
DRL,EliBackbone,1.032,6.0641
DRL+LS,EliBackbone,0.7775,12.7026
DRL,EliBackbone,1.0288,6.0764
DRL+LS,EliBackbone,0.6957,16.3237
DRL,EliBackbone,1.1053,6.0574
DRL+LS,EliBackbone,0.827,10.7624
DRL,EliBackbone,1.0978,6.0794
DRL+LS,EliBackbone,0.8279,10.0223
DRL,EliBackbone,0.9932,6.0596
DRL+LS,EliBackbone,0.7002,14.9476
DRL,EliBackbone,0.9728,6.0584
DRL+LS,EliBackbone,0.745,14.0492
DRL,EliBackbone,1.0153,6.051
DRL+LS,EliBackbone,0.7119,16.0423
DRL,EliBackbone,1.0868,6.0864
DRL+LS,EliBackbone,0.8643,9.7072
DRL,EliBackbone,1.11,5.9083
DRL+LS,EliBackbone,0.7452,13.8992
DRL,EliBackbone,1.0372,6.0574
DRL+LS,EliBackbone,0.7683,11.8447
DRL,EliBackbone,1.0601,5.9784
DRL+LS,EliBackbone,0.7497,14.2653
DRL,EliBackbone,1.0692,6.0479
DRL+LS,EliBackbone,0.6695,17.5545
DRL,EliBackbone,1.0768,6.0384
DRL+LS,EliBackbone,0.8641,10.1543
DRL,EliBackbone,0.9945,6.0734
DRL+LS,EliBackbone,0.7415,13.0609
DRL,EliBackbone,1.1144,6.0706
DRL+LS,EliBackbone,0.7042,15.5277
DRL,EliBackbone,1.019,6.0704
DRL+LS,EliBackbone,0.7449,13.9432
DRL,EliBackbone,1.0212,6.0664
DRL+LS,EliBackbone,0.8058,11.2365
DRL,EliBackbone,1.0178,5.9463
DRL+LS,EliBackbone,0.7562,11.6626
DRL,EliBackbone,1.0306,6.0284
DRL+LS,EliBackbone,0.6572,20.2136
DRL,EliBackbone,1.1363,5.9659
DRL+LS,EliBackbone,0.8016,11.021
DRL,EliBackbone,1.0947,6.0644
DRL+LS,EliBackbone,0.8055,11.6156
DRL,EliBackbone,1.024,6.0374
DRL+LS,EliBackbone,0.727,14.1672
DRL,EliBackbone,1.1238,5.974
DRL+LS,EliBackbone,0.7586,13.6087
DRL,EliBackbone,1.0187,6.0593
DRL+LS,EliBackbone,0.7853,10.9855
DRL,EliBackbone,0.9929,6.0819
DRL+LS,EliBackbone,0.9156,7.2742
DRL,EliBackbone,1.0881,6.0684
DRL+LS,EliBackbone,0.6796,16.0096
DRL,EliBackbone,0.982,6.0394
DRL+LS,EliBackbone,0.7662,11.2936
DRL,EliBackbone,1.1055,6.0612
DRL+LS,EliBackbone,0.7864,14.1896
DRL,EliBackbone,0.9988,6.0774
DRL+LS,EliBackbone,0.793,11.4506
DRL,EliBackbone,0.987,6.0827
DRL+LS,EliBackbone,0.7265,14.1245
DRL,EliBackbone,1.0966,6.0494
DRL+LS,EliBackbone,0.679,19.0014
DRL,EliBackbone,1.0622,5.9393
DRL+LS,EliBackbone,0.6542,17.4159
DRL,EliBackbone,1.031,6.0455
DRL+LS,EliBackbone,0.862,9.4813
DRL,EliBackbone,1.1004,6.0304
DRL+LS,EliBackbone,0.8869,9.033
DRL,EliBackbone,1.1356,5.9388
DRL+LS,EliBackbone,0.7728,12.2213
DRL,HurricaneElectric,0.9336,12.2759
DRL+LS,HurricaneElectric,0.5959,47.6019
DRL,HurricaneElectric,0.963,10.9842
DRL+LS,HurricaneElectric,0.6335,44.4471
DRL,HurricaneElectric,0.9392,10.8452
DRL+LS,HurricaneElectric,0.6217,41.354
DRL,HurricaneElectric,0.9278,10.8468
DRL+LS,HurricaneElectric,0.749,20.1435
DRL,HurricaneElectric,0.9401,10.8438
DRL+LS,HurricaneElectric,0.6861,31.0783
DRL,HurricaneElectric,1.0121,12.1388
DRL+LS,HurricaneElectric,0.8092,20.2952
DRL,HurricaneElectric,0.9153,12.1247
DRL+LS,HurricaneElectric,0.7009,25.7338
DRL,HurricaneElectric,0.9638,12.1928
DRL+LS,HurricaneElectric,0.8244,18.3723
DRL,HurricaneElectric,0.9067,12.1762
DRL+LS,HurricaneElectric,0.7833,17.2542
DRL,HurricaneElectric,0.9156,12.1564
DRL+LS,HurricaneElectric,0.8328,15.016
DRL,HurricaneElectric,0.8903,11.6782
DRL+LS,HurricaneElectric,0.662,29.1127
DRL,HurricaneElectric,0.9062,11.1409
DRL+LS,HurricaneElectric,0.7151,26.7858
DRL,HurricaneElectric,0.9345,10.8773
DRL+LS,HurricaneElectric,0.6769,30.748
DRL,HurricaneElectric,0.9182,12.1731
DRL+LS,HurricaneElectric,0.7955,16.2434
DRL,HurricaneElectric,0.9276,10.8482
DRL+LS,HurricaneElectric,0.7446,18.1595
DRL,HurricaneElectric,0.924,10.8778
DRL+LS,HurricaneElectric,0.6265,41.9689
DRL,HurricaneElectric,0.9498,11.3875
DRL+LS,HurricaneElectric,0.7685,17.6597
DRL,HurricaneElectric,0.9094,10.8839
DRL+LS,HurricaneElectric,0.7007,22.8344
DRL,HurricaneElectric,0.8821,10.8758
DRL+LS,HurricaneElectric,0.6926,22.5633
DRL,HurricaneElectric,1.0123,12.1417
DRL+LS,HurricaneElectric,0.7614,25.6574
DRL,HurricaneElectric,0.9327,10.8632
DRL+LS,HurricaneElectric,0.6787,28.8756
DRL,HurricaneElectric,0.8911,10.8788
DRL+LS,HurricaneElectric,0.6559,24.0358
DRL,HurricaneElectric,0.9113,12.1478
DRL+LS,HurricaneElectric,0.6944,28.2215
DRL,HurricaneElectric,0.9128,10.8907
DRL+LS,HurricaneElectric,0.6746,28.3816
DRL,HurricaneElectric,0.8907,12.1945
DRL+LS,HurricaneElectric,0.7709,19.7253
DRL,HurricaneElectric,0.8943,10.844
DRL+LS,HurricaneElectric,0.623,33.8315
DRL,HurricaneElectric,0.8905,11.4413
DRL+LS,HurricaneElectric,0.7318,17.9
DRL,HurricaneElectric,0.9059,10.851
DRL+LS,HurricaneElectric,0.6744,27.8749
DRL,HurricaneElectric,0.8978,10.828
DRL+LS,HurricaneElectric,0.6916,22.6272
DRL,HurricaneElectric,0.8668,10.8572
DRL+LS,HurricaneElectric,0.72,19.7319
DRL,HurricaneElectric,0.9656,12.1408
DRL+LS,HurricaneElectric,0.5855,52.8127
DRL,HurricaneElectric,0.9238,10.8768
DRL+LS,HurricaneElectric,0.6865,25.5534
DRL,HurricaneElectric,0.8393,10.8364
DRL+LS,HurricaneElectric,0.67,25.5242
DRL,HurricaneElectric,0.868,10.8182
DRL+LS,HurricaneElectric,0.6393,32.3497
DRL,HurricaneElectric,0.827,10.8579
DRL+LS,HurricaneElectric,0.7051,18.0622
DRL,HurricaneElectric,0.9631,12.1938
DRL+LS,HurricaneElectric,0.6144,37.4781
DRL,HurricaneElectric,0.9453,12.1301
DRL+LS,HurricaneElectric,0.6313,39.9153
DRL,HurricaneElectric,0.8721,10.8672
DRL+LS,HurricaneElectric,0.7162,18.7851
DRL,HurricaneElectric,0.9251,12.1438
DRL+LS,HurricaneElectric,0.6454,39.1898
DRL,HurricaneElectric,0.9449,10.8733
DRL+LS,HurricaneElectric,0.7508,18.1811
DRL,HurricaneElectric,0.9521,10.859
DRL+LS,HurricaneElectric,0.7535,17.5042
DRL,HurricaneElectric,0.9077,10.8925
DRL+LS,HurricaneElectric,0.6564,35.6197
DRL,HurricaneElectric,0.8859,12.1833
DRL+LS,HurricaneElectric,0.7119,24.0344
DRL,HurricaneElectric,0.8679,12.1619
DRL+LS,HurricaneElectric,0.6777,27.1714
DRL,HurricaneElectric,0.8895,11.439
DRL+LS,HurricaneElectric,0.7549,20.4232
DRL,HurricaneElectric,0.8615,10.8912
DRL+LS,HurricaneElectric,0.7991,14.8992
DRL,HurricaneElectric,0.9358,10.85
DRL+LS,HurricaneElectric,0.7303,21.4596
DRL,HurricaneElectric,0.9247,11.9673
DRL+LS,HurricaneElectric,0.6754,31.4582
DRL,HurricaneElectric,0.9009,10.8882
DRL+LS,HurricaneElectric,0.7528,17.3025
DRL,HurricaneElectric,0.8418,10.8448
DRL+LS,HurricaneElectric,0.6809,23.4558
DRL,Janetbackbone,0.845,23.6347
DRL+LS,Janetbackbone,0.6889,50.8537
DRL,Janetbackbone,0.8662,23.4897
DRL+LS,Janetbackbone,0.6423,68.1617
DRL,Janetbackbone,0.8485,23.5312
DRL+LS,Janetbackbone,0.6991,46.7561
DRL,Janetbackbone,0.945,23.491
DRL+LS,Janetbackbone,0.7588,71.2088
DRL,Janetbackbone,0.8257,23.5156
DRL+LS,Janetbackbone,0.6824,48.703
DRL,Janetbackbone,0.8351,23.5001
DRL+LS,Janetbackbone,0.6981,49.3595
DRL,Janetbackbone,0.7973,23.5624
DRL+LS,Janetbackbone,0.6227,70.4948
DRL,Janetbackbone,0.8373,23.5449
DRL+LS,Janetbackbone,0.8235,26.0668
DRL,Janetbackbone,0.8005,23.5713
DRL+LS,Janetbackbone,0.7496,31.9931
DRL,Janetbackbone,0.9703,23.5001
DRL+LS,Janetbackbone,0.6376,78.4478
DRL,Janetbackbone,0.9773,23.5891
DRL+LS,Janetbackbone,0.5834,89.2496
DRL,Janetbackbone,0.7922,23.5975
DRL+LS,Janetbackbone,0.5512,86.033
DRL,Janetbackbone,0.9043,23.612
DRL+LS,Janetbackbone,0.6203,78.2351
DRL,Janetbackbone,0.8936,23.6292
DRL+LS,Janetbackbone,0.7585,42.8931
DRL,Janetbackbone,0.9784,23.58
DRL+LS,Janetbackbone,0.7394,52.8114
DRL,Janetbackbone,0.9605,25.3457
DRL+LS,Janetbackbone,0.743,50.4325
DRL,Janetbackbone,0.888,24.4036
DRL+LS,Janetbackbone,0.7541,37.8899
DRL,Janetbackbone,0.7776,24.4883
DRL+LS,Janetbackbone,0.7088,33.8615
DRL,Janetbackbone,0.8822,24.4525
DRL+LS,Janetbackbone,0.6058,96.2711
DRL,Janetbackbone,0.8754,24.3132
DRL+LS,Janetbackbone,0.5951,85.3744
DRL,Janetbackbone,0.9657,24.3159
DRL+LS,Janetbackbone,0.7076,61.6743
DRL,Janetbackbone,0.905,24.3583
DRL+LS,Janetbackbone,0.5811,84.2201
DRL,Janetbackbone,0.9284,23.6835
DRL+LS,Janetbackbone,0.7837,57.5687
DRL,Janetbackbone,0.9235,23.6674
DRL+LS,Janetbackbone,0.5813,89.6402
DRL,Janetbackbone,0.8809,23.712
DRL+LS,Janetbackbone,0.7102,51.3825
DRL,Janetbackbone,0.8619,23.6744
DRL+LS,Janetbackbone,0.6282,77.7372
DRL,Janetbackbone,0.9434,23.5889
DRL+LS,Janetbackbone,0.7722,62.5962
DRL,Janetbackbone,0.8917,23.9441
DRL+LS,Janetbackbone,0.6593,71.4983
DRL,Janetbackbone,0.8813,23.717
DRL+LS,Janetbackbone,0.6612,58.8538
DRL,Janetbackbone,0.8883,23.596
DRL+LS,Janetbackbone,0.6719,69.5364
DRL,Janetbackbone,0.9376,23.6037
DRL+LS,Janetbackbone,0.6279,72.1245
DRL,Janetbackbone,0.8501,23.6589
DRL+LS,Janetbackbone,0.6803,62.796
DRL,Janetbackbone,0.8747,23.7396
DRL+LS,Janetbackbone,0.715,41.2802
DRL,Janetbackbone,0.8813,23.67
DRL+LS,Janetbackbone,0.6602,64.2969
DRL,Janetbackbone,0.8546,23.6733
DRL+LS,Janetbackbone,0.6621,46.6956
DRL,Janetbackbone,0.8362,23.6904
DRL+LS,Janetbackbone,0.6256,76.2907
DRL,Janetbackbone,0.8804,23.7117
DRL+LS,Janetbackbone,0.603,95.657
DRL,Janetbackbone,0.8866,23.6737
DRL+LS,Janetbackbone,0.6977,59.239
DRL,Janetbackbone,0.9213,23.7371
DRL+LS,Janetbackbone,0.6381,68.63
DRL,Janetbackbone,0.8762,23.7157
DRL+LS,Janetbackbone,0.7247,50.6482
DRL,Janetbackbone,0.9482,23.785
DRL+LS,Janetbackbone,0.6443,61.3976
DRL,Janetbackbone,0.8001,24.7922
DRL+LS,Janetbackbone,0.6536,62.1339
DRL,Janetbackbone,0.8712,24.5512
DRL+LS,Janetbackbone,0.5998,92.8098
DRL,Janetbackbone,0.871,24.8646
DRL+LS,Janetbackbone,0.6259,87.1471
DRL,Janetbackbone,0.8401,24.8812
DRL+LS,Janetbackbone,0.649,71.6316
DRL,Janetbackbone,0.8687,24.4947
DRL+LS,Janetbackbone,0.6649,53.1173
DRL,Janetbackbone,0.9034,24.4424
DRL+LS,Janetbackbone,0.73,71.6269
DRL,Janetbackbone,0.9023,24.9365
DRL+LS,Janetbackbone,0.7313,50.6968
DRL,Janetbackbone,0.9029,24.5757
DRL+LS,Janetbackbone,0.6782,58.3178
DRL,Janetbackbone,0.8628,25.4812
DRL+LS,Janetbackbone,0.6252,83.1819
ILP,EliBackbone,0.6393,125.1603
ILP,EliBackbone,0.659,61.755
ILP,EliBackbone,0.649,107.2587
ILP,EliBackbone,0.6537,182.4664
ILP,EliBackbone,0.6492,91.016
ILP,EliBackbone,0.6392,171.458
ILP,EliBackbone,0.6528,30.6438
ILP,EliBackbone,0.6495,89.6914
ILP,EliBackbone,0.6566,46.3674
ILP,EliBackbone,0.6378,45.2825
ILP,EliBackbone,0.6498,96.6879
ILP,EliBackbone,0.6604,71.2021
ILP,EliBackbone,0.6475,91.314
ILP,EliBackbone,0.64,37.2692
ILP,EliBackbone,0.6453,13.7162
ILP,EliBackbone,0.6488,118.5475
ILP,EliBackbone,0.6432,139.5104
ILP,EliBackbone,0.6504,126.7994
ILP,EliBackbone,0.6419,68.8143
ILP,EliBackbone,0.6438,64.3857
ILP,EliBackbone,0.6382,27.7008
ILP,EliBackbone,0.6509,79.8158
ILP,EliBackbone,0.6532,76.8192
ILP,EliBackbone,0.6495,137.7969
ILP,EliBackbone,0.6479,66.5009
ILP,EliBackbone,0.6691,107.226
ILP,EliBackbone,0.6636,68.1248
ILP,EliBackbone,0.6564,12.672
ILP,EliBackbone,0.6297,59.1777
ILP,EliBackbone,0.6487,188.5464
ILP,EliBackbone,0.6527,136.2125
ILP,EliBackbone,0.6435,107.9589
ILP,EliBackbone,0.6337,106.3207
ILP,EliBackbone,0.6539,47.6948
ILP,EliBackbone,0.6412,81.8305
ILP,EliBackbone,0.6567,87.9189
ILP,EliBackbone,0.649,38.4987
ILP,EliBackbone,0.6471,80.5402
ILP,EliBackbone,0.6411,45.5583
ILP,EliBackbone,0.6614,14.8003
ILP,EliBackbone,0.6487,24.8656
ILP,EliBackbone,0.6498,63.5074
ILP,EliBackbone,0.6438,66.5951
ILP,EliBackbone,0.6353,66.204
ILP,EliBackbone,0.6487,46.7406
ILP,EliBackbone,0.6377,101.554
ILP,EliBackbone,0.6304,30.5099
ILP,EliBackbone,0.6412,111.2012
ILP,EliBackbone,0.6508,68.6655
ILP,EliBackbone,0.645,61.5769
ILP,Janetbackbone,0.5432,249.6279
ILP,Janetbackbone,0.551,164.7004
ILP,Janetbackbone,0.5502,146.5499
ILP,Janetbackbone,0.5536,373.3027
ILP,Janetbackbone,0.5631,76.0915
ILP,Janetbackbone,0.5433,212.6877
ILP,Janetbackbone,0.5546,279.8699
ILP,Janetbackbone,0.5465,149.4164
ILP,Janetbackbone,0.5467,168.5669
ILP,Janetbackbone,0.5495,187.2625
ILP,Janetbackbone,0.5426,380.5268
ILP,Janetbackbone,0.5384,215.9179
ILP,Janetbackbone,0.5461,140.1006
ILP,Janetbackbone,0.5427,201.6158
ILP,Janetbackbone,0.5473,135.4042
ILP,Janetbackbone,0.5425,197.4657
ILP,Janetbackbone,0.5456,152.2981
ILP,Janetbackbone,0.5513,743.225
ILP,Janetbackbone,0.5504,170.1491
ILP,Janetbackbone,0.552,160.8403
ILP,Janetbackbone,0.5438,110.3883
ILP,Janetbackbone,0.5378,151.9106
ILP,Janetbackbone,0.5444,163.7121
ILP,Janetbackbone,0.5615,120.7743
ILP,Janetbackbone,0.5403,342.1876
ILP,Janetbackbone,0.5434,341.5808
ILP,Janetbackbone,0.5546,208.1745
ILP,Janetbackbone,0.5469,228.5642
ILP,Janetbackbone,0.5431,1029.885
ILP,Janetbackbone,0.5418,493.2874
ILP,Janetbackbone,0.5459,4970.4635
ILP,Janetbackbone,0.5507,81.0296
ILP,Janetbackbone,0.5475,582.0033
ILP,Janetbackbone,0.5423,98.1074
ILP,Janetbackbone,0.5387,174.299
ILP,Janetbackbone,0.5427,195.6536
ILP,Janetbackbone,0.5364,250.308
ILP,Janetbackbone,0.5479,202.7796
ILP,Janetbackbone,0.5567,186.6547
ILP,Janetbackbone,0.5455,80.9808
ILP,Janetbackbone,0.54,182.2343
ILP,Janetbackbone,0.5485,136.6337
ILP,Janetbackbone,0.5469,1197.1288
ILP,Janetbackbone,0.5462,418.3202
ILP,Janetbackbone,0.5453,218.3154
ILP,Janetbackbone,0.546,354.1135
ILP,Janetbackbone,0.5437,220.8701
ILP,Janetbackbone,0.5497,144.1046
ILP,Janetbackbone,0.5547,266.0506
ILP,Janetbackbone,0.5571,149.0467
ILP,EliBackbone,0.6393,124.2423
ILP,EliBackbone,0.659,63.7785
ILP,EliBackbone,0.649,108.5568
ILP,EliBackbone,0.6537,183.2637
ILP,EliBackbone,0.6492,88.3754
ILP,EliBackbone,0.6392,174.7246
ILP,EliBackbone,0.6528,31.2029
ILP,EliBackbone,0.6495,92.0624
ILP,EliBackbone,0.6566,46.4424
ILP,EliBackbone,0.6378,45.4002
ILP,EliBackbone,0.6498,98.4124
ILP,EliBackbone,0.6604,71.4532
ILP,EliBackbone,0.6475,91.5382
ILP,EliBackbone,0.64,38.0958
ILP,EliBackbone,0.6453,13.8301
ILP,EliBackbone,0.6488,121.5775
ILP,EliBackbone,0.6432,139.5468
ILP,EliBackbone,0.6504,127.2655
ILP,EliBackbone,0.6419,70.0606
ILP,EliBackbone,0.6438,65.5832
ILP,EliBackbone,0.6382,28.0728
ILP,EliBackbone,0.6509,79.6873
ILP,EliBackbone,0.6532,77.3694
ILP,EliBackbone,0.6495,138.0525
ILP,EliBackbone,0.6479,66.772
ILP,EliBackbone,0.6691,107.2656
ILP,EliBackbone,0.6636,68.2884
ILP,EliBackbone,0.6564,12.4878
ILP,EliBackbone,0.6297,59.1546
ILP,EliBackbone,0.6487,188.9423
ILP,EliBackbone,0.6527,136.6402
ILP,EliBackbone,0.6435,108.1908
ILP,EliBackbone,0.6337,105.5988
ILP,EliBackbone,0.6539,47.4687
ILP,EliBackbone,0.6412,81.445
ILP,EliBackbone,0.6567,87.9005
ILP,EliBackbone,0.649,38.3653
ILP,EliBackbone,0.6471,80.1649
ILP,EliBackbone,0.6411,45.4842
ILP,EliBackbone,0.6614,14.6563
ILP,EliBackbone,0.6487,24.7501
ILP,EliBackbone,0.6498,63.2029
ILP,EliBackbone,0.6438,66.746
ILP,EliBackbone,0.6353,65.9466
ILP,EliBackbone,0.6487,46.4688
ILP,EliBackbone,0.6377,101.3906
ILP,EliBackbone,0.6304,30.3485
ILP,EliBackbone,0.6412,111.1356
ILP,EliBackbone,0.6508,68.4624
ILP,EliBackbone,0.645,60.9648
ILP,HurricaneElectric,0.5151,32.7902
ILP,HurricaneElectric,0.5223,300.846
ILP,HurricaneElectric,0.5144,301.0278
ILP,HurricaneElectric,0.5206,301.0552
ILP,HurricaneElectric,0.5292,301.6911
ILP,HurricaneElectric,0.5243,76.2052
ILP,HurricaneElectric,0.5149,219.0732
ILP,HurricaneElectric,0.5253,300.9062
ILP,HurricaneElectric,0.5141,301.8845
ILP,HurricaneElectric,0.5233,301.1357
ILP,HurricaneElectric,0.5413,176.4792
ILP,HurricaneElectric,0.5301,53.3375
ILP,HurricaneElectric,0.5265,65.3126
ILP,HurricaneElectric,0.5252,97.031
ILP,HurricaneElectric,0.5194,222.2187
ILP,HurricaneElectric,0.5191,68.1564
ILP,HurricaneElectric,0.5236,301.0625
ILP,HurricaneElectric,0.5083,301.0551
ILP,HurricaneElectric,0.5153,105.5691
ILP,HurricaneElectric,0.5187,109.6394
ILP,HurricaneElectric,0.5233,301.0156
ILP,HurricaneElectric,0.5242,300.9656
ILP,HurricaneElectric,0.5176,301.1117
ILP,HurricaneElectric,0.5311,15.6529
ILP,HurricaneElectric,0.5181,109.5542
ILP,HurricaneElectric,0.527,301.05
ILP,HurricaneElectric,0.516,301.5144
ILP,HurricaneElectric,0.5154,302.2854
ILP,HurricaneElectric,0.5293,64.171
ILP,HurricaneElectric,0.5247,301.2462
ILP,HurricaneElectric,0.5232,124.6248
ILP,HurricaneElectric,0.5129,253.3284
ILP,HurricaneElectric,0.525,26.6159
ILP,HurricaneElectric,0.5249,301.4518
ILP,HurricaneElectric,0.5168,301.3136
ILP,HurricaneElectric,0.524,38.1769
ILP,HurricaneElectric,0.5167,301.3269
ILP,HurricaneElectric,0.5074,106.4546
ILP,HurricaneElectric,0.5201,99.6559
ILP,HurricaneElectric,0.5254,301.4295
ILP,HurricaneElectric,0.5259,70.4384
ILP,HurricaneElectric,0.5277,51.1641
ILP,HurricaneElectric,0.521,45.5271
ILP,HurricaneElectric,0.512,301.3292
ILP,HurricaneElectric,0.5232,287.5088
ILP,HurricaneElectric,0.5181,17.4015
ILP,HurricaneElectric,0.5163,80.4698
ILP,HurricaneElectric,0.5205,301.1321
ILP,HurricaneElectric,0.5226,301.4216
ILP,HurricaneElectric,0.5309,60.3462
ILP,Janetbackbone,0.5432,255.1718
ILP,Janetbackbone,0.551,166.6116
ILP,Janetbackbone,0.5502,145.6819
ILP,Janetbackbone,0.5536,301.9715
ILP,Janetbackbone,0.5631,77.7943
ILP,Janetbackbone,0.5433,197.3181
ILP,Janetbackbone,0.5546,253.9566
ILP,Janetbackbone,0.5465,153.9753
ILP,Janetbackbone,0.5467,169.5338
ILP,Janetbackbone,0.5495,181.9322
ILP,Janetbackbone,0.5427,301.6407
ILP,Janetbackbone,0.5384,219.6276
ILP,Janetbackbone,0.5461,140.2208
ILP,Janetbackbone,0.5427,197.6047
ILP,Janetbackbone,0.5473,132.0784
ILP,Janetbackbone,0.5425,197.5468
ILP,Janetbackbone,0.5456,151.5447
ILP,Janetbackbone,0.5513,301.6401
ILP,Janetbackbone,0.5504,175.3736
ILP,Janetbackbone,0.552,161.1417
ILP,Janetbackbone,0.5438,110.2289
ILP,Janetbackbone,0.5378,152.2656
ILP,Janetbackbone,0.5444,165.3912
ILP,Janetbackbone,0.5615,122.0349
ILP,Janetbackbone,0.5403,301.9561
ILP,Janetbackbone,0.5434,302.3948
ILP,Janetbackbone,0.5546,209.9585
ILP,Janetbackbone,0.5469,234.458
ILP,Janetbackbone,0.5432,302.2808
ILP,Janetbackbone,0.5418,302.722
ILP,Janetbackbone,0.5463,303.2038
ILP,Janetbackbone,0.5507,84.2903
ILP,Janetbackbone,0.5476,301.8946
ILP,Janetbackbone,0.5423,101.2568
ILP,Janetbackbone,0.5387,178.1405
ILP,Janetbackbone,0.5427,200.547
ILP,Janetbackbone,0.5364,254.1251
ILP,Janetbackbone,0.5479,208.2194
ILP,Janetbackbone,0.5567,191.0475
ILP,Janetbackbone,0.5455,82.9627
ILP,Janetbackbone,0.54,185.4062
ILP,Janetbackbone,0.5485,138.8636
ILP,Janetbackbone,0.547,301.6094
ILP,Janetbackbone,0.5463,303.9536
ILP,Janetbackbone,0.5453,221.2524
ILP,Janetbackbone,0.546,301.5937
ILP,Janetbackbone,0.5437,220.1949
ILP,Janetbackbone,0.5497,141.8793
ILP,Janetbackbone,0.5547,259.0778
ILP,Janetbackbone,0.5571,140.9067
